datetime,category,headline,id,image,related,source,summary,url
2024-08-01 07:42:00,company,Dodge & Cox Emerging Markets Stock Fund Q2 2024 Shareholder Letter,129063060,https://static.seekingalpha.com/cdn/s3/uploads/getty_images/183829224/image_183829224.jpg?io=getty-c-w1536,NTES,SeekingAlpha,The first half of 2024 underscored the breadth and depth of the emerging markets asset class as distinct regions demonstrated strong market leadership.,https://finnhub.io/api/news?id=8546f453a9ff0a60a3ce58f367733698b9b4bb3a7af0e1df961e72f6500ba2d2
2024-08-02 09:26:00,company,"U.S. video game spending fell 5% y/y in June, says Circana",129102968,,NTES,Thefly.com,Looking for stock market analysis and research with proves results? Zacks.com offers in-depth financial research with over 30years of proven results.,https://finnhub.io/api/news?id=1080bfc482f82c4479d789774abdd87ebcc213099b7b124c62c291a2199dee5f
2024-08-02 09:30:00,company,"Tencent, NetEase win big with Rainbow Six and Marvel video game approvals in China",129104364,https://s.yimg.com/cv/apiv2/social/images/yahoo_default_logo-1200x1200.png,NTES,Yahoo,"China's video game regulator has approved another 15 foreign-developed titles for the local market, bringing this year's total to 75, with domestic tech giants Tencent Holdings and NetEase securing licenses for some big games. Tencent secured approval to release Tom Clancy's Rainbow Six, one of the most popular tactical shooter games, and role-playing game Paper Mario: The Origami King for the Nintendo Switch platform in China, according to a Friday statement by the National Press and Publicatio",https://finnhub.io/api/news?id=e0f8ab7aaa99b577dc61942a7dcf7da93bdea834944f02e085540c28d84d35e7
2024-08-05 04:30:00,company,Youdao to Report Second Quarter 2024 Financial Results on August 22,129152641,,NTES,PR Newswire,Looking for stock market analysis and research with proves results? Zacks.com offers in-depth financial research with over 30years of proven results.,https://finnhub.io/api/news?id=ac508c9a645f3aad541ce3c3bd7f0b228debec033cad1708685961449244709d
2024-08-05 08:30:00,company,NetEase to Report Second Quarter 2024 Financial Results on August 22,129149109,https://media.zenfs.com/en/prnewswire.com/f82d7716160b534af2913cde26a4307f,NTES,Yahoo,"NetEase, Inc. (NASDAQ: NTES and HKEX: 9999, ""NetEase"" or the ""Company""), a leading internet and game services provider, today announced that it will report financial results for the 2024 second quarter on Thursday, August 22, 2024, before the open of the U.S. markets.",https://finnhub.io/api/news?id=d63b0fa6210b3648b01b3eec0ca75c81e4b628a864cd6e534fc3b9388fe82c44
2024-08-05 10:10:00,company,"Cloud Music Inc. to Report First Half 2024 Financial Results on August 22, 2024",129149108,https://media.zenfs.com/en/prnewswire.com/2317087c0adf1f6e50a5c387f84a01ce,NTES,Yahoo,"Cloud Music Inc. (HKEX: 9899 or the ""Company""), a leading interactive music streaming service provider in China, today announced that it will report its financial results for the first half of 2024 ended June 30, 2024 on Thursday, August 22, 2024, after the Hong Kong market closes.",https://finnhub.io/api/news?id=4d4f22dc147da9ff98bde6ba6a46e5964ee7ce066de97da3d83247ca88679b51
2024-08-06 15:18:37,company,"NetEase Q2 Earnings Preview: Great Games On The Horizon, Great Financial Position",129180120,https://static.seekingalpha.com/cdn/s3/uploads/getty_images/1346197757/image_1346197757.jpg?io=getty-c-w1536,NTES,SeekingAlpha,NetEase has so many new releases of exciting games and its financial position is outstanding. Click here to read an analysis of NTES stock now.,https://finnhub.io/api/news?id=699bd7edcd9ae239d3a12888c028206e9f1b067582661f64f6f6c59810aeca87
2024-08-13 11:00:35,company,We Ran A Stock Scan For Earnings Growth And NetEase (NASDAQ:NTES) Passed With Ease,129328170,https://media.zenfs.com/en/simply_wall_st__316/e3d3728a465377a85baabf183fd6253f,NTES,Yahoo,"It's common for many investors, especially those who are inexperienced, to buy shares in companies with a good story...",https://finnhub.io/api/news?id=f115e8e398cfd026aff4e862c754a5216f2c523588cf8b7a2961b143c93964a4
2024-08-14 05:37:00,company,"3G Capital top Q2 moves include cutting Meta, new stakes in Uber, MercadoLibre, Carvana",129367240,,NTES,Seeking Alpha,Looking for stock market analysis and research with proves results? Zacks.com offers in-depth financial research with over 30years of proven results.,https://finnhub.io/api/news?id=dde65f2c68ad568e28c74c72362a9a6ce57205ba76d6010d049e1531b7acf3c2
2024-08-14 06:01:00,company,Tencent's Q2 revenue grows on recovery in gaming unit boosted by new title 'DnF Mobile',129359037,,NTES,Seeking Alpha,Looking for stock market analysis and research with proves results? Zacks.com offers in-depth financial research with over 30years of proven results.,https://finnhub.io/api/news?id=0c590747f4fac88bad734d367c2068b3102c1c59c21dcc2a9cbd74b6d6505188
2024-08-14 07:29:00,company,"Ouster Reports Weak Sales, Joins Brinker International And Other Big Stocks Moving Lower In Wednesday Pre-Market Session",129355599,,NTES,Benzinga,Looking for stock market analysis and research with proves results? Zacks.com offers in-depth financial research with over 30years of proven results.,https://finnhub.io/api/news?id=4b29c3da2a9747e3e81dedf03819c7ceddcd570a7177fef45d2ab44f6e5dd9e1
2024-08-14 15:11:00,company,Implied Volatility Surging for NetEase (NTES) Stock Options,129358155,https://media.zenfs.com/en/zacks.com/560ce7090345bb7408c706b8e0a8c3fc,NTES,Yahoo,Investors need to pay close attention to NetEase (NTES) stock based on the movements in the options market lately.,https://finnhub.io/api/news?id=f23c48940f6534794cc1fd14e6f5f2779d7d18f4105e25118e736af168b6a37f
2024-08-17 14:00:21,company,"NetEase, Inc. (NASDAQ:NTES) Shares Could Be 44% Below Their Intrinsic Value Estimate",129425145,https://media.zenfs.com/en/simply_wall_st__316/e3d3728a465377a85baabf183fd6253f,NTES,Yahoo,"Key Insights Using the 2 Stage Free Cash Flow to Equity, NetEase fair value estimate is US$160 NetEase's US$89.91 share...",https://finnhub.io/api/news?id=4a4f38753d7fa7f58f7a889333a9883f139924a1241795bd3a81499cb1e91860
2024-08-18 07:09:00,company,"Earnings week ahead: Zoom, Lowe's, Target, Baidu, XPeng, Zim Integrated and more",129434207,,NTES,Seeking Alpha,Looking for stock market analysis and research with proves results? Zacks.com offers in-depth financial research with over 30years of proven results.,https://finnhub.io/api/news?id=864251a79a9450c59ee66332494d0d0147ff7f8c89ac7ba4de791ab0c5e0217c
2024-08-19 02:11:35,company,"Geely, Xpeng, Xiaomi Boosted by Strong Vehicle Sales Amid Threats From EU Tariffs",129439709,https://s.yimg.com/ny/api/res/1.2/_nYNiu2q8tsj1iXaMOcEQg--/YXBwaWQ9aGlnaGxhbmRlcjt3PTEyMDA7aD03NDE-/https://media.zenfs.com/en/bloomberg_technology_68/8e181406f2697600d8aa66c1547df9b1,NTES,Yahoo,"(Bloomberg) -- Chinese automakers including Xpeng Inc., Geely Automobile Holdings Ltd. and Xiaomi Corp. should all report higher vehicle sales, though challenges remain as competition heats up and the European Union moves ahead with tariffs.Most Read from BloombergManchester Is Giving London a Run for Its MoneyBoston’s Broke and Broken Transit System Hurts Downtown RecoveryA Floating Island in Baltimore Raises Hope for a Waterfront RevivalA Warehouse Store Promises Housing for South LA, in BulkT",https://finnhub.io/api/news?id=714f5ad72050dcd0557daa8f1a60845a0c844fab1c08b6f95f9ac7587eb54853
2024-08-19 06:01:00,company,"Options Volatility and Implied Earnings Moves This Week, August 19 – August 22, 2024",129442903,,NTES,TipRanks,Looking for stock market analysis and research with proves results? Zacks.com offers in-depth financial research with over 30years of proven results.,https://finnhub.io/api/news?id=c875a77d792f2b782a73019494b882285d443935ef8ff2492e983addcb2e8cbb
2024-08-19 09:30:00,company,NetEase's music-streaming service goes down for 2 hours after 'infrastructure failures',129450151,https://s.yimg.com/cv/apiv2/social/images/yahoo_default_logo-1200x1200.png,NTES,Yahoo,"NetEase Cloud Music, the Hong Kong-listed Chinese music-streaming service with more than 200 million monthly active users, reported a widespread outage for over two hours on Monday afternoon, blaming infrastructure issues. Starting from 3pm, users said online that while the mobile and web apps could be opened, they were unable to play music. Instead they received messages saying ""data error"" or ""failed to retrieve play information"". The web version displayed a ""502 bad gateway"" error. NetEase Cl",https://finnhub.io/api/news?id=c2ed7b387479666c666f0117db2ee7f4efed18ab6956aa9ddb99cfaeef5b861b
2024-08-20 06:11:09,company,"Game Developer -Once Human Achieves 10 Million Downloads Worldwide, Reaches Top Spot on Steam Best Seller Charts in Multiple Countries",129457987,,NTES,Finnhub,"NetEase Games and Starry Studio are excited to announce that Once Human has achieved a remarkable milestone of 10 million downloads worldwide.In addition, it has secured the top spot on the Steam...",https://finnhub.io/api/news?id=8d6b93d1a9c97ed9c9baea5024cd3d908c5158d5626371bc82917183649513a7
2024-08-21 05:01:00,company,Here's the major earnings before the open tomorrow,129490311,,NTES,Seeking Alpha,Looking for stock market analysis and research with proves results? Zacks.com offers in-depth financial research with over 30years of proven results.,https://finnhub.io/api/news?id=a5ac7561c9d99a3e5b3a6feb0b2cd956cdce5ceb65751e6f27f75ccfb6243bfe
2024-08-21 05:37:00,company,"Tencent-backed startup's 'Black Myth: Wukong' makes game history, taking Chinese media by storm - report",129482722,,NTES,Seeking Alpha,Looking for stock market analysis and research with proves results? Zacks.com offers in-depth financial research with over 30years of proven results.,https://finnhub.io/api/news?id=e327a30746d548f81195b067462576ebff8782cbfbf012037b3661cc881996e7
2024-08-21 10:14:00,company,NetEase Q2 2024 Earnings Preview,129482721,,NTES,Seeking Alpha,Looking for stock market analysis and research with proves results? Zacks.com offers in-depth financial research with over 30years of proven results.,https://finnhub.io/api/news?id=f68e9d134c041342ee5456f974e1681660c7bdcb609a5e35061d295b213339d4
2024-08-21 11:00:47,company,NetEase (NASDAQ:NTES) shareholders have earned a 14% CAGR over the last five years,129484909,https://media.zenfs.com/en/simply_wall_st__316/e3d3728a465377a85baabf183fd6253f,NTES,Yahoo,"If you buy and hold a stock for many years, you'd hope to be making a profit. Furthermore, you'd generally like to see...",https://finnhub.io/api/news?id=979d726e99107b16a0caa7ec65155f70698d38c38fc8a7953f37510f35e80504
2024-08-21 12:35:00,company,"Wall Street Lunch: ""Black Myth: Wukong"" Attracts 2M Players",129482816,https://static.seekingalpha.com/cdn/s3/uploads/getty_images/1513524265/image_1513524265.jpg?io=getty-c-w1536,NTES,SeekingAlpha,Chinese-made video game âBlack Myth: Wukongâ was being played by 2.2 million concurrent players on the online gaming platform Steam a day after its release.,https://finnhub.io/api/news?id=a3a36e725f61ead3dbc1cf6a86b165e85507aa56a961359d3e88756133e89aa7
2024-08-22 04:10:00,company,"NetEase Non-GAAP EPADS of $1.66 misses by $0.01, revenue of $3.5B misses by $150M",129505535,,NTES,Seeking Alpha,Looking for stock market analysis and research with proves results? Zacks.com offers in-depth financial research with over 30years of proven results.,https://finnhub.io/api/news?id=a9e65d3cbdafb1e177bd73fa0d8930bb53ec6649936e951078e12139d57a13e8
2024-08-22 04:26:00,company,Earnings Summary: NetEase Q2 misses top-line and bottom-line estimates,129505534,,NTES,Seeking Alpha,Looking for stock market analysis and research with proves results? Zacks.com offers in-depth financial research with over 30years of proven results.,https://finnhub.io/api/news?id=224bf66f1a593dd9ffd5b2c911ae6d73e0103967f62fd74d35e88b47bed67864
2024-08-22 04:30:00,company,Youdao Reports Second Quarter 2024 Unaudited Financial Results,129505533,,NTES,PR Newswire,Looking for stock market analysis and research with proves results? Zacks.com offers in-depth financial research with over 30years of proven results.,https://finnhub.io/api/news?id=c53f8ca1f2bfee8dfac7e5773679001c3d6a0cc99d99a3aa475836b1deffab79
2024-08-22 05:36:00,company,Baidu's sales miss estimates as online marketing revenue dips; AI search in transition,129502810,,NTES,Seeking Alpha,Looking for stock market analysis and research with proves results? Zacks.com offers in-depth financial research with over 30years of proven results.,https://finnhub.io/api/news?id=50fa05e541e502dded79c72d473c1c8b347ecaebebdf10d2c3d2bca0735a9ee8
2024-08-22 08:47:00,company,"NetEase reports Q2 EPS $1.67, consensus $1.70",129533334,,NTES,Thefly.com,Looking for stock market analysis and research with proves results? Zacks.com offers in-depth financial research with over 30years of proven results.,https://finnhub.io/api/news?id=8f905a993d8729544ddc607260c01d357a396d640155d4232395abe38c98b009
2024-08-22 08:47:00,company,"Disney taps Gorman to help with succession, TD sells Schwab shares: Morning Buzz",129523395,,NTES,Thefly.com,Looking for stock market analysis and research with proves results? Zacks.com offers in-depth financial research with over 30years of proven results.,https://finnhub.io/api/news?id=594bb32973bbd47af15781059d631085dfa5a3d219ac93414b9afd3693218bbb
2024-08-22 08:47:00,company,"NetEase price target lowered by $23 at Jefferies, here's why",129533329,,NTES,Thefly.com,Looking for stock market analysis and research with proves results? Zacks.com offers in-depth financial research with over 30years of proven results.,https://finnhub.io/api/news?id=e44e0b08088e301a67dbbbc8af7b6ca28be36642dc513d6d58e8f963bae77428
2024-08-22 08:47:00,company,What You Missed On Wall Street On Thursday,129523391,,NTES,Thefly.com,Looking for stock market analysis and research with proves results? Zacks.com offers in-depth financial research with over 30years of proven results.,https://finnhub.io/api/news?id=2da98d8a555a3c93dce11955f4b7543837c70362ab84e61e132cecc4a1e2506f
2024-08-22 08:56:00,company,"NTES Stock Earnings: NetEase Beats EPS, Misses Revenue for Q2 2024",129505526,,NTES,InvestorPlace,Looking for stock market analysis and research with proves results? Zacks.com offers in-depth financial research with over 30years of proven results.,https://finnhub.io/api/news?id=fa86684bb959b727b34af490ff9fdad62f1f4690fc91d7791e02912bbd4c73c5
2024-08-22 09:01:00,company,NetEase Announces Second Quarter 2024 Unaudited Financial Results,129500929,https://media.zenfs.com/en/prnewswire.com/7da9a83ab492f737feee1713b48eb5a1,NTES,Yahoo,"NetEase, Inc. (NASDAQ: NTES and HKEX: 9999, ""NetEase"" or the ""Company""), a leading internet and game services provider, today announced its unaudited financial results for the second quarter ended June 30, 2024.",https://finnhub.io/api/news?id=99c5c810448bff533d0386d03a5ef42890b565a860b68f73d2f1d4a524611650
2024-08-22 09:11:00,company,Cloud Music Inc. Reports First Half 2024 Financial Results,129500928,https://media.zenfs.com/en/prnewswire.com/85e8cb0f96c0e7e81e38533a8dd117f6,NTES,Yahoo,"Cloud Music Inc. (HKEX: 9899, ""NetEase Cloud Music"" or the ""Company""), a leading interactive music streaming service provider in China, today announced its financial results for the first half of 2024 ended June 30, 2024.",https://finnhub.io/api/news?id=84e4a4b51744c66ec523fb5625f0c65a1c836e5b31ee549e9ccbc4779edd91d8
2024-08-22 09:13:33,company,NetEase: Q2 Earnings Snapshot,129500927,https://s.yimg.com/cv/apiv2/social/images/yahoo_default_logo-1200x1200.png,NTES,Yahoo,"HANGZHOU, China (AP) — NetEase Inc. NTES) on Thursday reported profit of $930 million in its second quarter. On a per-share basis, the Hangzhou, China-based company said it had net income of $1.43.",https://finnhub.io/api/news?id=882a2359391abb8d9d2c2a78ab83634052f7e6b43903fd2a39b3bd6213e0ff5a
2024-08-22 11:25:00,company,Baidu dips after sales miss as online marketing revenue falls; AI search in transition,129502807,,NTES,Seeking Alpha,Looking for stock market analysis and research with proves results? Zacks.com offers in-depth financial research with over 30years of proven results.,https://finnhub.io/api/news?id=e4f304c59244e6ee4dbf1946bc7312ff6bb503bebaa940da5ed5ce68de2ed416
2024-08-22 12:46:02,company,"NetEase, Inc. (NTES) Q2 2024 Earnings Call Transcript",129503184,https://static.seekingalpha.com/assets/og_image_1200-29b2bfe1a595477db6826bd2126c63ac2091efb7ec76347a8e7f81ba17e3de6c.png,NTES,SeekingAlpha,"NetEase, Inc. (NASDAQ:NASDAQ:NTES) Q2 2024 Earnings Conference Call August 22, 2024 8:00 AM ETCompany ParticipantsBrandi Piacente - President, Piacente...",https://finnhub.io/api/news?id=ee6e28ad6e8ae67317b257198f3b6a8e8e903d14fae655ebffb075dee6680abd
2024-08-22 12:46:41,company,"NetEase, Inc. 2024 Q2 - Results - Earnings Call Presentation",129503182,https://static.seekingalpha.com/assets/og_image_1200-29b2bfe1a595477db6826bd2126c63ac2091efb7ec76347a8e7f81ba17e3de6c.png,NTES,SeekingAlpha,"The following slide deck was published by NetEase, Inc.",https://finnhub.io/api/news?id=ee72e87b455a3c1e5696e7f7cd39edc16d33ed1f2b590748b09d22be4d3a13b4
2024-08-22 22:10:42,company,NetEase Stock Drops on Weaker-Than-Expected Profits,129517859,https://www.investopedia.com/thmb/rQC7dXG_-SzVA8jJZ01_G7gf2ls=/1500x0/filters:no_upscale():max_bytes(150000):strip_icc()/GettyImages-2167160958-fc3c6a9eb154428a9f265730538c8a0c.jpg,NTES,Yahoo,NetEase stock tumbled as the company’s second-quarter profit failed to meet expectations despite growing video game revenue.,https://finnhub.io/api/news?id=c1e54aa37f3ce1ffaa7d94b34d68124330000635207727fdbeefc3b719d42766
2024-08-23 01:03:00,company,NetEase Inc (NTES) Q2 2024 Earnings Call Transcript Highlights: Strong Revenue Growth and ...,129533328,,NTES,GuruFocus,Looking for stock market analysis and research with proves results? Zacks.com offers in-depth financial research with over 30years of proven results.,https://finnhub.io/api/news?id=c949953905c7a542ba10948420926a64680c35629eb24bbc56c2fb66272f56f8
2024-08-23 05:57:00,company,"NetEase Shares Slump on Profit Miss, Softness in PC Games",129517858,,NTES,Yahoo,NetEase’s profit miss and computer-game sector softness on operational adjustments prompted a selloff in shares of the Chinese videogame giant that some analysts called an overreaction.,https://finnhub.io/api/news?id=61484d1081de0164a662f620c4362f28e4667e8d820b725e7c89e19cee8db5c6
2024-08-23 07:20:00,company,NetEase declares $0.435 dividend,129533327,,NTES,Seeking Alpha,Looking for stock market analysis and research with proves results? Zacks.com offers in-depth financial research with over 30years of proven results.,https://finnhub.io/api/news?id=ad849a317bc11611de836a3eaa836567260386fadbe37d78b15bf3a5ff84ad4f
2024-08-23 08:40:00,company,"NetEase price target lowered by $22 at BofA, here's why",129541359,,NTES,Thefly.com,Looking for stock market analysis and research with proves results? Zacks.com offers in-depth financial research with over 30years of proven results.,https://finnhub.io/api/news?id=f3d839b255c4e2a59638b01977b2c24a6a48fe2552218322f7a8db922bfde725
2024-08-23 08:40:00,company,"NetEase price target lowered by $4 at Citi, here's why",129541360,,NTES,Thefly.com,Looking for stock market analysis and research with proves results? Zacks.com offers in-depth financial research with over 30years of proven results.,https://finnhub.io/api/news?id=a3bbdbc06f6f65030291920b79c0684fc519108c677f1f660ae6743f51e8804a
2024-08-23 09:24:00,company,16 out of 21 companies reporting yesterday opened down - here is the list,129522509,,NTES,Seeking Alpha,Looking for stock market analysis and research with proves results? Zacks.com offers in-depth financial research with over 30years of proven results.,https://finnhub.io/api/news?id=f739431fbe0d06856c74a1f9edc05d5712983d00ca642f76e231df3cf2f39e52
2024-08-23 09:30:00,company,"NetEase, Baidu, Meituan hurt Hong Kong stocks as focus shifts to Fed chair's speech",129518815,https://s.yimg.com/ny/api/res/1.2/LQIGAwyZQ.ryk_GjETxfxg--/YXBwaWQ9aGlnaGxhbmRlcjt3PTEyMDA7aD04MDA-/https://media.zenfs.com/en/south_china_morning_post_us_228/2a88ed25e50ed142ff91dc1b1c888c20,NTES,Yahoo,"Hong Kong stocks fell on Friday, dragged down by Chinese blue chips' disappointing earnings, while traders keenly await the Federal Reserve chair's speech for clues on the coming interest-rate cut. The Hang Seng Index fell 0.4 per cent to 17,569.38 at local noon trading break, still on track for a third consecutive weekly gain. The Tech Index retreated 1.5 per cent while the Shanghai Composite Index gained 0.3 per cent. The decline in Hong Kong follows the sell-off on Wall Street after top US po",https://finnhub.io/api/news?id=98da59544761ab149e0afabf160a6cb5d5322bae0c41373a60cea72c91e16c7d
2024-08-23 09:55:00,company,"Company News for Aug 23, 2024",129521241,https://media.zenfs.com/en/zacks.com/19e025edc67d0231b408370725a10f26,NTES,Yahoo,"Companies In The News Are: BIDU, NTES, WSM, AAP.",https://finnhub.io/api/news?id=c009e786a0c5443581b8585676616617aaf5cde385809a566e75fbf739c988b9
2024-08-24 06:04:42,company,NetEase: The Post-Q2 Sell-Off Is A Buying Opportunity,129538299,https://static.seekingalpha.com/cdn/s3/uploads/getty_images/683984956/image_683984956.jpg?io=getty-c-w1536,NTES,SeekingAlpha,"NetEase's Q2 results show growth potential with AI innovations and global expansion, despite competition and regulatory risks. Read more on NTES stock here.",https://finnhub.io/api/news?id=a36f4ccf45f151d1ab732371b1e8ca848940ba6141234d7c048912896ce890c0
2024-08-25 03:57:00,company,Warning: NTES is at high risk of cutting its dividend,129553255,,NTES,Seeking Alpha,Looking for stock market analysis and research with proves results? Zacks.com offers in-depth financial research with over 30years of proven results.,https://finnhub.io/api/news?id=a02d4612da9c9ab3e19047b3ce68f049b90a9331147ecf3f2d21ce11f4fb3d28
2024-08-25 08:26:00,company,Barclays Sticks to Its Hold Rating for NetEase (NTES),129567292,,NTES,TipRanks,Looking for stock market analysis and research with proves results? Zacks.com offers in-depth financial research with over 30years of proven results.,https://finnhub.io/api/news?id=135910fd65fcad1c3367c344c3591a3ddeeadd542261c38a14f1bb62bf8255a8
2024-08-25 13:19:54,company,NetEase's (NASDAQ:NTES) Shareholders Will Receive A Smaller Dividend Than Last Year,129551676,https://media.zenfs.com/en/simply_wall_st__316/e3d3728a465377a85baabf183fd6253f,NTES,Yahoo,"NetEase, Inc.'s ( NASDAQ:NTES ) dividend is being reduced from last year's payment covering the same period to...",https://finnhub.io/api/news?id=31d3e9d189c355d92f0fa7200c6ff9aa0cb82075ac509df9cccda86ee20e0201
2024-08-25 23:46:40,company,NetEase Inc (NTES): The Best Chinese Stock to Buy According to Wall Street Analysts?,129555469,https://s.yimg.com/ny/api/res/1.2/Hj7PVO7ojb3FUfXIK_Azrw--/YXBwaWQ9aGlnaGxhbmRlcjt3PTEyMDA7aD02NzM-/https://media.zenfs.com/en/insidermonkey.com/1d222ff406ade581b80433de2cb9b1bd,NTES,Yahoo,"We recently compiled a list of the 10 Best Chinese Stocks to Buy Right Now. In this article, we are going to take a look at where NetEase Inc (NASDAQ:NTES) stands against the other Chinese stocks. Nearly every major equity market is up for the year owing to improved investor sentiments. However, it is an exception […]",https://finnhub.io/api/news?id=81f17f3198ceaf126a95dbe0f67b4b40c8bdea8613b8360a1935aa6f7cddc489
2024-08-26 03:47:00,company,"NetEase price target lowered by $22 at Barclays, here's why",129567291,,NTES,Thefly.com,Looking for stock market analysis and research with proves results? Zacks.com offers in-depth financial research with over 30years of proven results.,https://finnhub.io/api/news?id=3291941c387e6306524058c8831eea4344bd4d0cff15df8442481174afa148d5
2024-08-26 06:49:00,company,NetEase: A Strong Buy on Consistent Growth and Promising H2 2024 Expansion,129567290,,NTES,TipRanks,Looking for stock market analysis and research with proves results? Zacks.com offers in-depth financial research with over 30years of proven results.,https://finnhub.io/api/news?id=aae355f3227108fc18742c32055cc5c0a4c09ffc5641913a97a86e5eb4b61542
2024-08-26 10:59:00,company,"Tech, Media & Telecom Roundup: Market Talk",129560874,,NTES,Yahoo,"0706 GMT – Investors seem to be overreacting to the slowdown of  NetEase  gaming business, which is likely to be temporary,  Morningstar  analyst Ivan Su says in a note.  Concerns about the business’s near-term outlook were sparked after NetEase’s 2Q results showed weaker game revenue and mid-single-digit deferred income growth.  This fixation on a minor fluctuation in revenue is shortsighted, Su says, expecting NetEase’s commitment and patience in developing next-generation games to yield substantial rewards over time.",https://finnhub.io/api/news?id=f6eb4896a4241e7c5b9ffb37a3c35bce0deccd456b41be76e70db201d236a77f
2024-08-27 07:16:57,company,50 High Quality Dividend Stocks To Own For The Long Term,129575209,https://static.seekingalpha.com/cdn/s3/uploads/getty_images/1752167338/image_1752167338.jpg?io=getty-c-w1536,NTES,SeekingAlpha,The High Quality Dividend Stock Investable Universe is a rules-based approach to finding the best dividend stocks. Read more to see my picks.,https://finnhub.io/api/news?id=5cf4322732dca416727993ca16d7ed5532f680e48e3f886f35d57845f10f3747
2024-08-27 07:29:00,company,Jefferies Reaffirms Their Buy Rating on Netease Inc (9999),129588595,,NTES,TipRanks,Looking for stock market analysis and research with proves results? Zacks.com offers in-depth financial research with over 30years of proven results.,https://finnhub.io/api/news?id=cdb33df75179f11935aa6a158546ebf3ebe415809c8a58f315753a24617789da
2024-08-28 12:30:00,company,"PDD's slump continues, while other Chinese tech stocks also take a hit",129602308,,NTES,Seeking Alpha,Looking for stock market analysis and research with proves results? Zacks.com offers in-depth financial research with over 30years of proven results.,https://finnhub.io/api/news?id=66c77401d662aa43efad811f8f2782e0d1bbd5b5ee6933925cca52787c40ea17
2024-08-30 00:32:29,company,"Tencent, NetEase Rethink Japan Approach as Game Strategy Stalls",129626012,https://s.yimg.com/ny/api/res/1.2/SX8BXylhxtAhq.rNyQnqsA--/YXBwaWQ9aGlnaGxhbmRlcjt3PTEyMDA7aD04MDA-/https://media.zenfs.com/en/bloomberg_technology_68/4769bd2fd2d3d133dd8697b881d0eb49,NTES,Yahoo,"(Bloomberg) -- Tencent Holdings Ltd. and NetEase Inc. are reconsidering or scaling back many of their investments in Japanese studios, after years of spending yielded few hit games and the Chinese market staged a comeback.Most Read from BloombergTurkey Plans Istanbul Taxi Surge to Tackle ComplaintsDense Cities With Low Emissions Suffer Most From Air Pollution, Study FindsIntergenerational Housing Could Help Older Adults Combat LonelinessAs Rural Hospitals Shutter Maternity Wards, Urban Ones Foll",https://finnhub.io/api/news?id=75de86a1b114c5b16c1b1ea25e59ca1a84f816e54955b82578cf8cf36404aca2
2024-08-30 05:43:00,company,"Tencent, NetEase mull game strategy in Japan amid growth in local market China - report",129638597,,NTES,Seeking Alpha,Looking for stock market analysis and research with proves results? Zacks.com offers in-depth financial research with over 30years of proven results.,https://finnhub.io/api/news?id=b99d2ad7f783db4056197ef811918021b12103ffb79511fb9935537677f27670
2024-08-30 06:11:00,company,"Tencent, NetEase reconsider Japan investment strategies, Bloomberg says",129649232,,NTES,Thefly.com,Looking for stock market analysis and research with proves results? Zacks.com offers in-depth financial research with over 30years of proven results.,https://finnhub.io/api/news?id=0ebd35a1948749eb36b7eeeb6cb82927f1e7c786fcf31195e85eb9176e9bcca9
2024-08-30 06:11:00,company,"Dell, Marvell get AI boost to beat expectations: Morning Buzz",129645697,,NTES,Thefly.com,Looking for stock market analysis and research with proves results? Zacks.com offers in-depth financial research with over 30years of proven results.,https://finnhub.io/api/news?id=4404840dea9eacb82a709bd7609414533f2c4556c1e3d2afe2be1ac825b89b35
2024-08-30 12:00:34,company,"With 45% ownership, NetEase, Inc. (NASDAQ:NTES) insiders have a lot at stake",129639095,https://media.zenfs.com/en/simply_wall_st__316/e3d3728a465377a85baabf183fd6253f,NTES,Yahoo,"Key Insights Insiders appear to have a vested interest in NetEase's growth, as seen by their sizeable ownership A total...",https://finnhub.io/api/news?id=dbbc77cbb968c020f79665040d41066f2afd9080e66fe6ed2d7fbc242b4c6c5e
2024-08-30 12:45:22,company,Market Chatter: NetEase to Close Tokyo Studio as Tencent Reduces Japan Spending,129636444,https://s.yimg.com/cv/apiv2/social/images/yahoo_default_logo-1200x1200.png,NTES,Yahoo,Market Chatter: NetEase to Close Tokyo Studio as Tencent Reduces Japan Spending,https://finnhub.io/api/news?id=02a5dd2c92a3896aa28f07664bf313432154ded0009e5d2552cce73f8ea56bd4
2024-08-31 23:56:33,company,NetEase Inc (NTES): A Good 52-Week Low Stock to Buy Now According to Short Sellers,129662265,https://s.yimg.com/ny/api/res/1.2/Hj7PVO7ojb3FUfXIK_Azrw--/YXBwaWQ9aGlnaGxhbmRlcjt3PTEyMDA7aD02NzM-/https://media.zenfs.com/en/insidermonkey.com/1d222ff406ade581b80433de2cb9b1bd,NTES,Yahoo,"We recently compiled a list of the 18 Best 52-Week Low Stocks to Buy Now According to Short Sellers. In this article, we are going to take a look at where NetEase Inc (NASDAQ:NTES) stands against the other 52-week low stocks. Buying low and selling high is a popular investment strategy that value investors inspired by […]",https://finnhub.io/api/news?id=5549aa9d031132b60e151a86f9181e642262517020d48c4b85e95322bd2c7fda
2024-09-03 11:38:00,company,"Game On: Tencent, NetEase reconsidering Japan investments",129688150,,NTES,Thefly.com,Looking for stock market analysis and research with proves results? Zacks.com offers in-depth financial research with over 30years of proven results.,https://finnhub.io/api/news?id=a9a17cc75b5ab5e0a87151eda2ad5aa8e875de373d5e387564c7d82a32eea6b2
2024-09-03 12:00:14,company,A Look Into NetEase's (NASDAQ:NTES) Impressive Returns On Capital,129688422,https://media.zenfs.com/en/simply_wall_st__316/e3d3728a465377a85baabf183fd6253f,NTES,Yahoo,"Finding a business that has the potential to grow substantially is not easy, but it is possible if we look at a few key...",https://finnhub.io/api/news?id=54a1d00ac040ed941dcf1d5a4a679cba116b552f4937aea8cc85db6f37e4fcb7
2024-09-05 04:35:19,company,NetEase Inc (NTES): A Good Beaten Down Stock to Invest In,129738381,https://s.yimg.com/ny/api/res/1.2/Hj7PVO7ojb3FUfXIK_Azrw--/YXBwaWQ9aGlnaGxhbmRlcjt3PTEyMDA7aD02NzM-/https://media.zenfs.com/en/insidermonkey.com/1d222ff406ade581b80433de2cb9b1bd,NTES,Yahoo,"We recently compiled a list of the 7 Best Beaten Down Stocks to Invest In. In this article, we are going to take a look at where NetEase Inc (NASDAQ:NTES) stands against the other beaten down stocks. The equity market is on the cusp of a significant boost as the U.S. Federal Reserve joins other global […]",https://finnhub.io/api/news?id=24118b05d4dbf2ea6e85f15916100b0e98da6bfc914d5bb6357ff6757e9df1a2
2024-09-06 04:24:00,company,Warning: NTES is at high risk of cutting its dividend,129755278,,NTES,Seeking Alpha,Looking for stock market analysis and research with proves results? Zacks.com offers in-depth financial research with over 30years of proven results.,https://finnhub.io/api/news?id=30ee425253b8bf66ea393dccbdbf77a606ae4931f884215026643c4662326ce9
2024-09-09 08:13:38,company,NetEase releases gaming limits for children for upcoming holidays,129784212,https://media.zenfs.com/en/reuters-finance.com/294fee17e8e1f7baa88c0f046915a0f8,NTES,Yahoo,"NetEase Games on Monday released specific dates and time slots during which Chinese children will be permitted to play its video games during the upcoming Mid-Autumn Festival and National Day holidays.  China in 2021 introduced rules that limit the amount of time those under 18 can play video games, a move it said was to combat gaming addiction.",https://finnhub.io/api/news?id=a18ed2a1c71a3433368999ce17989251fe4ed154a038d97c066cafa76f543ceb
2024-09-09 11:12:36,company,"Could The Market Be Wrong About NetEase, Inc. (NASDAQ:NTES) Given Its Attractive Financial Prospects?",129784211,https://media.zenfs.com/en/simply_wall_st__316/e3d3728a465377a85baabf183fd6253f,NTES,Yahoo,"It is hard to get excited after looking at NetEase's (NASDAQ:NTES) recent performance, when its stock has declined 16...",https://finnhub.io/api/news?id=d7b8391444260b51cab00b290f75f044964234e196bdf0865c37f966c1adbb30
2024-09-16 09:30:00,company,China's video game achievement may be anomaly for years to come despite Black Myth: Wukong,129899899,https://s.yimg.com/cv/apiv2/social/images/yahoo_default_logo-1200x1200.png,NTES,Yahoo,"The Wukong mania that swept the nation shows how far the domestic video gaming industry has come in the last 10 years: Sony could not legally sell the PlayStation in China a decade ago, when the country was in its final year of a 15-year console ban.  China's first AAA video game - an unofficial designation that signifies high costs, long development times and the most demanding graphics - is proving to be a massive success.  It sold 10 million copies in less than four days, according to developer Game Science, and its peak simultaneous players measured by the digital game store Steam surged past other hit AAA titles such as Cyberpunk 2077 and Elden Ring.",https://finnhub.io/api/news?id=7cb6d33f241a39fd29b4e0159d009ba5b16171a901be1201138a98d0d09eee1d
2024-09-17 14:00:16,company,Is NetEase (NASDAQ:NTES) A Risky Investment?,129921507,https://media.zenfs.com/en/simply_wall_st__316/e3d3728a465377a85baabf183fd6253f,NTES,Yahoo,"David Iben put it well when he said, 'Volatility is not a risk we care about. What we care about is avoiding the...",https://finnhub.io/api/news?id=c70403c750f42c67b3919f26836005104d18a36fb24f315f27b8c0e39b663689
2024-09-20 03:20:00,company,"75% of U.K. game sales in August were digital, GI.biz reports",129993965,,NTES,Thefly.com,Looking for stock market analysis and research with proves results? Zacks.com offers in-depth financial research with over 30years of proven results.,https://finnhub.io/api/news?id=331e879548d273814e0034506537978d0bd69069f7f51f9197a34f6249e8a291
2024-09-20 10:23:00,company,Interesting NTES Put And Call Options For January 2027,129996871,,NTES,Stock Options Channel,Looking for stock market analysis and research with proves results? Zacks.com offers in-depth financial research with over 30years of proven results.,https://finnhub.io/api/news?id=5d198945d0ffc561a4d7745df26e123b38b9840af64367520ccb9bf588035eb5
2024-09-24 11:09:00,company,NetEase Inc (NTES) Stock Price Up 6.92% on Sep 24,130044029,,NTES,GuruFocus,Looking for stock market analysis and research with proves results? Zacks.com offers in-depth financial research with over 30years of proven results.,https://finnhub.io/api/news?id=cca335ba28ad9f18546341510e4dab5317dda870d6101c2a968e83063371abe9
2024-09-26 11:03:00,company,NetEase Inc (NTES) Stock Price Up 4.9% on Sep 26,130075071,,NTES,GuruFocus,Looking for stock market analysis and research with proves results? Zacks.com offers in-depth financial research with over 30years of proven results.,https://finnhub.io/api/news?id=410f3f05bf686d464c49a3a35d54874b6d009f2aa1002f0e1fd2c33c327549b0
2024-09-27 06:23:00,company,NetEase call volume above normal and directionally bullish,130124032,,NTES,Thefly.com,Looking for stock market analysis and research with proves results? Zacks.com offers in-depth financial research with over 30years of proven results.,https://finnhub.io/api/news?id=83577829677604c03154bf6bce5e40538337391c85e17a0b48abb7de07dca6f0
2024-09-28 13:00:11,company,"NetEase, Inc. (NASDAQ:NTES) Shares Could Be 43% Below Their Intrinsic Value Estimate",130121158,https://media.zenfs.com/en/simply_wall_st__316/e3d3728a465377a85baabf183fd6253f,NTES,Yahoo,Key Insights The projected fair value for NetEase is US$165 based on 2 Stage Free Cash Flow to Equity NetEase's...,https://finnhub.io/api/news?id=433cbe010085a08f3e0a74d6ce50577ebdf71e17096ab049abedff6f6e6bc83f
2024-09-30 04:22:00,company,"Biggest stock movers Monday: Chinese stocks, and more",130139446,,NTES,Seeking Alpha,Looking for stock market analysis and research with proves results? Zacks.com offers in-depth financial research with over 30years of proven results.,https://finnhub.io/api/news?id=a01ebcdc0e161d78ce88b797c67f29f74ad3a4ce001bbb61ec85235af83681f4
2024-09-30 09:07:00,company,"Biggest stock movers Monday: Chinese, crypto stocks, and more",130138784,,NTES,Seeking Alpha,Looking for stock market analysis and research with proves results? Zacks.com offers in-depth financial research with over 30years of proven results.,https://finnhub.io/api/news?id=9804d10aedde2bd2c358fa390297ba19dbca8129890effcb4ddf13d3699e6694
2025-05-03 22:39:00,company,Top 50 High-Quality Dividend Stocks For May 2025,134235481,https://static.seekingalpha.com/cdn/s3/uploads/getty_images/2047165268/image_2047165268.jpg?io=getty-c-w1536,NTES,SeekingAlpha,Discover top dividend growth stocks with strong returns and attractive valuations. See which 17 stocks had rating changes this month.,https://finnhub.io/api/news?id=1a762047670374f80ad46f6a15d2b0db249e8353790f3177242647b358bf9547
2025-05-05 14:00:00,company,NetEase Cloud Music x Soundcharts: Bringing China's streaming trends to the global industry,134791954,https://s.yimg.com/rz/stage/p/yahoo_finance_en-US_h_p_finance_2.png,NTES,Yahoo,"NetEase Cloud Music, one of China's leading music streaming platforms with over 206 million Monthly Active Users (MAUs), is making China's streaming charts more accessible to the global music industry through a new partnership with Soundcharts. This collaboration provides structured access to NetEase Cloud Music rankings from China, offering global professionals valuable insights into one of the world's most dynamic music markets.",https://finnhub.io/api/news?id=e34e9e04852a02edcc90e479f063e697bd5266279cc664af5d7de418b433d3ae
2025-05-09 11:59:27,company,"NetEase, Inc. (NTES): Among Billionaire Lei Zhang’s Stock Picks with Huge Upside Potential",134791952,https://s.yimg.com/rz/stage/p/yahoo_finance_en-US_h_p_finance_2.png,NTES,Yahoo,"We recently published a list of Billionaire Lei Zhang’s 10 Stock Picks with Huge Upside Potential. In this article, we are going to take a look at where NetEase, Inc. (NASDAQ:NTES) stands against other billionaire Lei Zhang’s stock picks with huge upside potential. Lei Zhang and Hillhouse Capital: Quiet Power in Asian Investing Lei Zhang, […]",https://finnhub.io/api/news?id=810c21f203eace4452c23955ec5a0ac5770dd589616dab69f77a56448c9d009e
2025-05-15 02:16:00,company,BlackRock Sustainable Emerging Markets Equity Fund Q1 2025 Commentary,134460188,https://static.seekingalpha.com/cdn/s3/uploads/getty_images/1473268213/image_1473268213.jpg?io=getty-c-w1536,NTES,SeekingAlpha,"BlackRock Sustainable Emerging Markets Equity Fund posted returns of 1.31% (Institutional shares) and 1.25% (Investor A shares, without sales charge) for the first quarter of 2025.",https://finnhub.io/api/news?id=fd1ec59b2715c004ac47dc4759e148aa921b5b6df2ab942bb0a76dc15222de33
2025-05-15 07:44:23,company,"NetEase, Inc. 2025 Q1 - Results - Earnings Call Presentation",134466052,https://static.seekingalpha.com/assets/og_image_1200-29b2bfe1a595477db6826bd2126c63ac2091efb7ec76347a8e7f81ba17e3de6c.png,NTES,SeekingAlpha,"The following slide deck was published by NetEase, Inc.",https://finnhub.io/api/news?id=a4149b4a62ca69bb5f947ffd44a12c317a0bcaa745b97a503f4d0852a63553b6
2025-05-15 08:30:00,company,NetEase Announces First Quarter 2025 Unaudited Financial Results,134791950,https://s.yimg.com/rz/stage/p/yahoo_finance_en-US_h_p_finance_2.png,NTES,Yahoo,"NetEase, Inc. (NASDAQ: NTES and HKEX: 9999, ""NetEase"" or the ""Company""), a leading internet and game services provider, today announced its unaudited financial results for the first quarter ended March 31, 2025.",https://finnhub.io/api/news?id=55475297d3b56c8393fe2d0bea5b7a0c0c8f8087c802b4dc1682542168ce47bb
2025-05-15 09:09:17,company,NetEase: Q1 Earnings Snapshot,134791947,https://s.yimg.com/rz/stage/p/yahoo_finance_en-US_h_p_finance_2.png,NTES,Yahoo,"HANGZHOU, China (AP) — NetEase Inc. NTES) on Thursday reported net income of $1.42 billion in its first quarter. The Hangzhou, China-based company said it had net income of $2.21 per share.",https://finnhub.io/api/news?id=f4e8a7c6ef9eb333fad416d581de75f6637586bbb9ff82d9de44b1db1be9c8d4
2025-05-15 10:31:00,company,NetEase Profit Jumps as Chinese Videogame Industry Bounces Back,134791945,https://s.yimg.com/rz/stage/p/yahoo_finance_en-US_h_p_finance_2.png,NTES,Yahoo,"The Chinese videogame giant delivered solid first-quarter results as its core online business continued to recover, in another sign that China’s gaming industry has turned a corner.",https://finnhub.io/api/news?id=474f1da291c22a1865e6f920b3da560fbaf210afd400124d3f9174f63bec11f1
2025-05-15 12:06:49,company,"NetEase, Inc. (NTES) Q1 2025 Earnings Call Transcript",134475082,https://static.seekingalpha.com/assets/og_image_1200-29b2bfe1a595477db6826bd2126c63ac2091efb7ec76347a8e7f81ba17e3de6c.png,NTES,SeekingAlpha,"NetEase, Inc. (NASDAQ:NTES) Q1 2025 Earnings Conference Call May 15, 2025 8:00 AM ETCompany ParticipantsHelen Wu - Investor RelationsBill Pang - Vice...",https://finnhub.io/api/news?id=4da8a44bee0c8121030334815fc9e13c8d6568aeee963df62c5bef0bcfe9d977
2025-05-15 12:31:11,company,"China's NetEase Stock Pops On Q1 Performance Fueled By Gaming Growth, Strong Cash Flow",134767245,https://s.yimg.com/rz/stage/p/yahoo_finance_en-US_h_p_finance_2.png,NTES,Yahoo,"NetEase, Inc. (NASDAQ:NTES) reported fiscal first-quarter results on Thursday. The company’s quarterly revenue increased 7.4% year-on-year to $3.97 billion (28.8 billion Chinese yuan), topping the analyst consensus estimate of $3.87 billion. The Chinese gaming player’s adjusted EPADS of $2.41 beat the analyst consensus estimate of $2.01. Segments and margins: Games and related value-added services revenues rose 12.1% to $3.3 billion. The corresponding gross margin decreased by 62 bps to 68.8%, m",https://finnhub.io/api/news?id=adb69866c65bc1a101ec0d913325c3324a037ccb76895fa44541658d30c9fa33
2025-05-15 15:27:24,company,"NetEase, JetBlue, Pinterest: Trending Tickers",134484254,https://s.yimg.com/rz/stage/p/yahoo_finance_en-US_h_p_finance_2.png,NTES,Yahoo,"Wealth host Brad Smith tracks today’s top trending tickers. NetEase (NTES) stock rises after the China-based game company posted better-than-expected first quarter results. JetBlue (JBLU) slips after Raymond James downgraded the stock to Market Perform from Outperform, citing limited upside. Pinterest (PINS) was upgraded to Outperform at Wolfe Research, citing potential from new ad tools and an attractive valuation. To watch more expert insights and analysis on the latest market action, check out more Wealth here.",https://finnhub.io/api/news?id=4035715f422a5153ae05d65281e903c9bc75288e4d385709abc2be2ae32361c8
2025-05-15 17:58:16,company,NetEase Stock Soars as Games Revenue Jumps,134791938,https://s.yimg.com/rz/stage/p/yahoo_finance_en-US_h_p_finance_2.png,NTES,Yahoo,U.S.-listed shares of NetEase surged Thursday as the Chinese internet and game services provider reported first-quarter results above analysts' estimates.,https://finnhub.io/api/news?id=87723c548926f621f5093e2975e3fdc35df9f3e8fa94e843f26551cd3f5ae123
2025-05-15 20:54:41,company,'Marvel Rivals' Game Publisher Hulks Out After Q1 Earnings Beat,134791936,https://s.yimg.com/rz/stage/p/yahoo_finance_en-US_h_p_finance_2.png,NTES,Yahoo,Chinese video game publisher NetEase crushed Q1 earnings estimates on better-than-expected sales. NetEase stock surged on the news.,https://finnhub.io/api/news?id=7e8174c611766995c66cc630bf0c2f937650fe19f67943b7a2c57f8691e5fb0b
2025-05-16 07:06:13,company,NetEase Inc (NTES) Q1 2025 Earnings Call Highlights: Strong Gaming Revenue Boosts Overall Growth,134791933,https://s.yimg.com/rz/stage/p/yahoo_finance_en-US_h_p_finance_2.png,NTES,Yahoo,"NetEase Inc (NTES) reports a robust 7% increase in total net revenue, driven by a 12% rise in gaming and related services, while maintaining a solid cash position and shareholder returns.",https://finnhub.io/api/news?id=fbf38cab296e1e242e8da643eba09e1cd8ec6a1f62b4cae54eb92864cdee0706
2025-05-17 16:06:46,company,"Charter to combine with Cox, Take-Two reports mixed Q4 results: Morning Buzz",134567603,https://s.yimg.com/rz/stage/p/yahoo_finance_en-US_h_p_finance_2.png,NTES,Yahoo,"The major averages were little changed near noon following the release of downbeat consumer sentiment data and as April housing starts came in slightly below consensus estimates. Investors continue to weigh potentially easing trade tensions as well. Meanwhile, President Trump said in a post on Truth Social that Republican lawmakers “must unite” to pass his “beautiful” tax bill. Looking to commodities, gold prices are slipping after yesterday’s rebound, while oil is up fractionally, keeping the c",https://finnhub.io/api/news?id=f7c736e0cf3bb691410a1822714cabef8d9fbb2d9d5248d402cd3ae874175c59
2025-05-19 06:55:48,company,"NetEase: Delivers Another Gaming Beat, But Valuation Calls For A Breather",134576512,https://static.seekingalpha.com/cdn/s3/uploads/getty_images/2187031366/image_2187031366.jpg?io=getty-c-w1536,NTES,SeekingAlpha,"NetEase delivered strong 1Q25 results, beating revenue and earnings expectations on robust growth in original PC and mobile games. See why NTES stock is a Hold.",https://finnhub.io/api/news?id=e1b53eafa62bea239d3f0179636e583bc68dca45f4b8728cdf39e16284fed753
2025-05-20 01:32:43,company,Youdao: Learning Services Decline And AI Monetization Uncertain,134605302,https://static.seekingalpha.com/cdn/s3/uploads/getty_images/2171044414/image_2171044414.jpg?io=getty-c-w1536,NTES,SeekingAlpha,"Youdao stock trades at a premium to domestic peers, despite revenue declines. See why we recommend avoiding DAO and prefer exposure via NetEase.",https://finnhub.io/api/news?id=f13a58c5b0da38546dfade0525922bb976b00a78aa18ab12ba77acaae8170164
2025-05-21 14:20:20,company,"Republicans ask SEC to consider delisting Chinese companies, FT reports",134629385,https://s.yimg.com/rz/stage/p/yahoo_finance_en-US_h_p_finance_2.png,NTES,Yahoo,"Top Republican financial officers from 21 states have asked SEC Chair Paul Atkins to determine whether Chinese companies on U.S. stock exchanges should be delisted for failing to protect U.S. investors, The Financial Times’ Demetri Sevastopulo, Stefania Palma, and Stephen Foley report. “China’s actions create an environment ripe for fraud and abuse, increasing the likelihood that China-based US-listed companies will violate the disclosure, auditing or anti-fraud provisions of the Securities Exch",https://finnhub.io/api/news?id=3d05b19ebd471e1c7fb50389e746659c633edb9b1bdb95998b6df15d902d68a6
2025-05-21 16:25:31,company,Game On: Take-Two reports mixed Q4 earnings results,134627964,https://s.yimg.com/rz/stage/p/yahoo_finance_en-US_h_p_finance_2.png,NTES,Yahoo,"“Game On” is The Fly’s weekly recap of the stories powering up or beating down video game stocks. TAKE-TWO REPORTS MIXED Q4 EARNINGS RESULTS: Last week, Take-Two (TTWO) reported a fourth quarter loss per share of ($21.08) on net bookings of $1.58B, which compared to a loss per share of ($17.02) for the same period last year and analyst net bookings estimates of $1.55B. GAAP results include impairment charges of $3.55B related to goodwill and $176.3M for acquisition-related intangible assets. The",https://finnhub.io/api/news?id=3ce7f5a61b1f33970fbd4e147b6cfe3f3a64a21a1d9ae720ac51b98e104b1650
2025-05-22 12:08:00,company,BNY Mellon Global Emerging Markets Fund Q1 2025 Commentary,134651768,,NTES,SeekingAlpha,,https://finnhub.io/api/news?id=d3548cfbd0c1083e8e796e5fb788445ae6fa5396d6c42ad2b4970f68ec8389e8
2025-05-26 14:00:00,company,RBW Signs Strategic Partnership with NetEase Cloud Music to Expand K-POP's Global Reach Among Chinese Youth,134791922,https://s.yimg.com/rz/stage/p/yahoo_finance_en-US_h_p_finance_2.png,NTES,Yahoo,"RBW Inc. (KOSDAQ: 361570), a leading integrated content production company and home to top K-POP acts such as MAMAMOO, ONEUS, ONEWE, and PURPLE KISS, has entered into a strategic copyright partnership with NetEase Cloud Music (HKEX: 9899), one of China's most influential music streaming platforms. This collaboration is set to mark a new chapter in Korea-China music exchange and accelerate K-POP's expansion into the Chinese market.",https://finnhub.io/api/news?id=d65626790af9b3fccfad06b14d1c73a9825dd4f239242b2804a6aa4046d35925
2025-05-26 16:00:07,company,NetEase (NTES) Is Up 0.14% in One Week: What You Should Know,134791920,https://s.yimg.com/rz/stage/p/yahoo_finance_en-US_h_p_finance_2.png,NTES,Yahoo,Does NetEase (NTES) have what it takes to be a top stock pick for momentum investors? Let's find out.,https://finnhub.io/api/news?id=71e06f68a44b6c151d8258c7dfb0e8c6022c554460ea7f9eb5708cd9a6343974
2025-05-26 16:20:04,company,Earnings Estimates Rising for NetEase (NTES): Will It Gain?,134791917,https://s.yimg.com/rz/stage/p/yahoo_finance_en-US_h_p_finance_2.png,NTES,Yahoo,"NetEase (NTES) shares have started gaining and might continue moving higher in the near term, as indicated by solid earnings estimate revisions.",https://finnhub.io/api/news?id=ba6f4a6e974f7ff9c42c6c254924b4b9db7bdd55a65e7832ccb480a8ab94419c
2025-05-29 07:35:00,company,abrdn Emerging Markets Dividend Active ETF Q1 2025 Commentary,134801801,,NTES,SeekingAlpha,,https://finnhub.io/api/news?id=54f77a081a3c5f685caa10ac9c7a22a28f91e98dd897eacad9185799b894b368
2025-05-29 13:58:00,company,4 Solid Dividend Growth Stocks to Buy Now,134840025,https://s.yimg.com/rz/stage/p/yahoo_finance_en-US_h_p_finance_2.png,NTES,Yahoo,"NTES, FOX, QFIN and UGI stand out as strong dividend growth stocks amid market volatility and economic uncertainty.",https://finnhub.io/api/news?id=7f418492bcb974b86217b6e9ddc31a36a5c24b13d78db3a273fa0f287cb939e5
2025-05-30 09:09:00,company,"Zacks.com featured highlights NetEase, Fox, Qifu Technology and UGI",134894130,https://s.yimg.com/rz/stage/p/yahoo_finance_en-US_h_p_finance_2.png,NTES,Yahoo,"NetEase, Fox, Qifu Technology and UGI make the cut as strong dividend growth stocks offering income and stability in a volatile market.",https://finnhub.io/api/news?id=5b2aadac93808654c80ec20450e4d972b20aaf1db75a6a5c24aaaeb06c0ce838
2025-06-03 12:53:12,company,Top 50 High-Quality Dividend Stocks For June 2025,134980969,https://static.seekingalpha.com/cdn/s3/uploads/getty_images/2189850011/image_2189850011.jpg?io=getty-c-w1536,NTES,SeekingAlpha,"Track 50 top dividend growth stocks with daily valuation updates. Discover upgrades like Ferrari & Accenture, outperforming SPY & SCHD in 2023.",https://finnhub.io/api/news?id=019d2eb701e479ef25b7438df3bdf4961a9d2ab247e89a75ca9759239fdf6f7e
2025-06-04 14:19:00,company,4 Stocks From the Tech Industry of China to Keep an Eye On in 2H25,135013838,https://s.yimg.com/rz/stage/p/yahoo_finance_en-US_h_p_finance_2.png,NTES,Yahoo,"Given China's technological strength and resilience and with AI, EVs and AR leading the way, one can watch stocks like NTES, TSM, BABA and TCEHY.",https://finnhub.io/api/news?id=64023d37e42e1ca9257d46e8f92e377f3650d8d85cca95fc484c7df08b6dc200
2025-06-05 17:52:00,company,Want Outperformance? These 5 Stocks Show Relative Strength,135064899,https://s.yimg.com/rz/stage/p/yahoo_finance_en-US_h_p_finance_2.png,NTES,Yahoo,"OPFI, ALNT, PGY, GLDD and NTES are standing out with strong relative price strength and bullish earnings revisions.",https://finnhub.io/api/news?id=f397790640adaa5083cc7f36cfa6ec5bd4b2db9406661f8f36ead1b027b362a4
